id;username;first_name;last_name;email;phone_number;status;access_level;created_by;created_date;last_modified_by;last_modified_date
1;without bitter foolishly;Jessica;Toy;Bartholome.Collier@hotmail.com;zowie till outnumber;afore;inasmuch;sternly popularize;2025-01-22T08:05:17;brr hungrily;2025-01-21T16:12:57
2;desk loosely;Raymundo;Veum;Jodie_Stokes1@yahoo.com;to;tenderly aw;obsess dull;splay;2025-01-21T23:15:16;qua because concerning;2025-01-21T13:12:07
3;um;Einar;Hagenes;Donnell_Maggio31@yahoo.com;peony like;although pish fortunate;knavishly waist intensely;apostrophize fast;2025-01-21T13:36:20;along;2025-01-21T13:32:51
4;versus formation tiny;Gussie;Mayert;Jeremy.Mante@yahoo.com;covenant gigantic;even;yummy;irritably house offensively;2025-01-21T12:07:47;questioningly nor;2025-01-21T15:48:35
5;attraction;Orpha;Kunde;Nicholas77@hotmail.com;uh-huh unbalance charter;oxidise;whoever agitated;receptor;2025-01-22T06:53:53;farmer however;2025-01-22T07:28:31
6;excitable cleave psst;Magnolia;Lebsack;Eric.Lemke@gmail.com;vice;usefully rudely humble;engage adviser wrathful;lock aw mystify;2025-01-22T00:39:33;zowie;2025-01-21T23:00:06
7;curl in fleck;Abby;Cartwright;Anthony_Kuhic@hotmail.com;circa oddly;now;how;beautifully pillory throbbing;2025-01-21T15:51:26;voluntarily wallop blah;2025-01-21T17:17:06
8;besides polarisation;Una;McCullough;Virginie.Rohan-Williamson@gmail.com;within splosh psst;near;near;lovingly obligation;2025-01-22T01:39:43;shoulder;2025-01-22T09:50:52
9;gnaw electrify how;Ashleigh;Flatley;Holden_Spinka@gmail.com;inasmuch um;quaff circa wisecrack;foolishly;per too important;2025-01-21T12:45:50;minister barring beard;2025-01-22T02:38:18
10;emergent;Hulda;Hessel;Maci4@yahoo.com;sociable;ick;roasted;solemnly;2025-01-22T06:17:48;warmly ick;2025-01-22T03:31:49
