id;name;email;phone_number;position;created_by;created_date;last_modified_by;last_modified_date
1;too definitive ambitious;Tyra.Lueilwitz55@hotmail.com;supposing dandelion coaxingly;phooey that;via firsthand;2025-01-22T09:30:55;obedient if opposite;2025-01-21T22:36:13
2;furthermore;Harrison27@yahoo.com;exactly;behind agreeable oxygenate;pack;2025-01-22T03:07:01;interior nor;2025-01-22T06:31:36
3;huzzah fatal irritably;Lucienne.Tromp16@yahoo.com;unsteady premeditation;legging;although arrogantly;2025-01-21T21:08:12;commercial testify;2025-01-22T10:27:31
4;unlike pave lest;Destin_Wuckert@gmail.com;miserably lazily;anenst;propound pants dress;2025-01-22T04:06:08;diversity by;2025-01-21T13:50:53
5;inasmuch;Dorcas_Rippin99@hotmail.com;huzzah oval;wearily attend frantically;so far ingratiate;2025-01-22T06:09:47;ugh;2025-01-22T02:50:10
6;cutover;Khalil_Koch10@yahoo.com;unsung arrogantly;through practical;metal how;2025-01-21T16:02:37;ick eek;2025-01-22T07:33:09
7;nor fit woot;Emmy55@gmail.com;out if wealthy;past;pro ad since;2025-01-22T09:55:53;diver than;2025-01-22T03:20:26
8;instead because glow;Carmelo.Franecki37@gmail.com;abnormally commercial;worth woefully;despite once;2025-01-21T23:01:12;dispose yahoo youthful;2025-01-21T12:59:11
9;surprise aha;Cortez_Williamson9@gmail.com;around;fruitful brochure trusty;cheerfully;2025-01-22T09:32:51;nougat unto;2025-01-21T19:22:23
10;antique sarong psst;Jeromy_Brakus@hotmail.com;prudent;phooey;after;2025-01-22T01:08:02;trustworthy unless supposing;2025-01-22T00:05:49
