id;name;created_by;created_date;last_modified_by;last_modified_date
1;minus forceful;ouch but;2025-01-21T21:24:04;mid accredit;2025-01-21T13:29:28
2;helplessly unwieldy worth;shady through;2025-01-22T09:47:51;inwardly;2025-01-21T16:30:38
3;hence polite around;failing overcook lest;2025-01-21T21:44:29;boulevard with;2025-01-22T04:22:51
4;until gah enormously;labourer challenge;2025-01-21T14:47:33;submitter as properly;2025-01-21T21:52:25
5;favorite epic bulky;gadzooks phooey geez;2025-01-22T10:35:12;majestically deeply coliseum;2025-01-21T14:11:49
6;ravage;gloss afore which;2025-01-21T19:18:07;sinful;2025-01-22T10:57:04
7;entire deselect armoire;busily mostly;2025-01-22T08:16:57;reflecting goose;2025-01-22T05:08:02
8;beloved;masticate dash cake;2025-01-21T19:59:24;designation as;2025-01-21T13:46:44
9;commemorate;grok;2025-01-21T20:11:23;questionable;2025-01-22T06:25:31
10;lone painfully hollow;armoire;2025-01-22T08:04:31;uh-huh;2025-01-21T17:52:00
