id;name;type;created_by;created_date;last_modified_by;last_modified_date
1;coordination glow;destock;horde kookily;2025-01-22T10:15:57;concrete;2025-01-22T05:24:05
2;over;afore reckless vacation;in;2025-01-22T11:08:41;tuxedo;2025-01-21T17:21:28
3;inside stabilise loftily;the coliseum;meh youthful;2025-01-22T00:57:56;whose option belabor;2025-01-22T05:28:36
4;inject minister severe;speedily offset of;uniform unzip blah;2025-01-22T02:47:19;whose;2025-01-22T03:51:22
5;accompany indeed;inside;when wheel now;2025-01-22T02:15:03;violently yearly meh;2025-01-22T06:11:47
6;mysteriously motionless;stale hmph dual;tabletop;2025-01-22T06:26:56;twine likewise;2025-01-22T03:25:52
7;drive because;mmm sate surge;owlishly;2025-01-21T11:59:50;huzzah shore lazily;2025-01-21T15:52:16
8;voluntarily;elegant;soup boastfully space;2025-01-21T19:18:29;throughout how;2025-01-21T23:23:44
9;alongside;alongside;versus below;2025-01-22T00:32:19;greedy step-mother fluffy;2025-01-22T00:47:30
10;duh immense brisk;wring;exotic;2025-01-21T17:11:05;t-shirt really;2025-01-22T05:28:15
