id;start_date;end_date;total;status;created_by;created_date;last_modified_by;last_modified_date
1;2025-01-22T06:12:22;2025-01-22T06:14:13;10585.54;meh;naturally woefully;2025-01-21T20:12:38;poor;2025-01-22T05:31:03
2;2025-01-22T05:37:23;2025-01-21T18:23:43;12066.65;till modulo cleaner;lest hmph seriously;2025-01-21T20:13:34;revere er vicinity;2025-01-21T23:27:18
3;2025-01-22T01:09:58;2025-01-22T05:13:00;18501.37;brightly whenever countess;ew down;2025-01-22T09:34:55;focalise eventually;2025-01-21T15:35:56
4;2025-01-21T20:37:21;2025-01-21T17:58:22;11618.91;ah authorized while;dispense inside geez;2025-01-21T18:48:55;self-reliant;2025-01-22T02:45:13
5;2025-01-21T15:29:14;2025-01-22T09:46:56;21109.84;now meanwhile reprimand;obligation anenst;2025-01-21T13:32:56;impure deduce;2025-01-22T03:07:11
6;2025-01-22T05:21:56;2025-01-21T12:10:41;24540.33;when inasmuch;sinful;2025-01-21T23:27:06;smog;2025-01-21T19:17:01
7;2025-01-21T16:11:21;2025-01-21T23:27:42;14072.65;acidly;amid;2025-01-22T00:24:06;alongside gah amid;2025-01-21T19:18:06
8;2025-01-21T23:31:49;2025-01-21T17:55:15;13836.73;fortunate;although gummy;2025-01-21T17:14:15;overwork obnoxiously;2025-01-21T12:42:17
9;2025-01-22T02:01:43;2025-01-21T23:59:47;401.23;yeast excluding woot;even notwithstanding fairly;2025-01-22T11:06:31;crystallize sting crumble;2025-01-22T06:28:42
10;2025-01-22T01:33:43;2025-01-21T22:48:48;24166.01;even;whoa barring;2025-01-21T12:27:16;competent misappropriate so;2025-01-22T00:37:00
