id;username;first_name;last_name;email;phone_number;status;created_by;created_date;last_modified_by;last_modified_date
1;for ugh moralise;Arvilla;Goyette;Jany36@hotmail.com;aha swerve;reel wide;reflate agile;2025-01-21T23:20:39;anaesthetise;2025-01-21T20:09:26
2;but governance;Clement;Stanton;Luigi46@gmail.com;vice;meager mid never;er until scarily;2025-01-22T09:23:37;orderly;2025-01-21T20:20:13
3;beyond;Leta;Abbott-Jenkins;Mckayla.Schaden13@yahoo.com;geez;spectacles carefully retention;for;2025-01-21T19:43:46;recovery trouser;2025-01-22T00:53:29
4;eek;Mohammad;Nienow;Elroy.Hintz@gmail.com;stiffen sentimental;sediment;excepting or;2025-01-21T17:18:30;following under nor;2025-01-22T08:16:45
5;but daughter vary;Patricia;Kling;Chasity.Huels@yahoo.com;worth pace;gift until;inside smug gratefully;2025-01-22T08:32:21;in once;2025-01-22T07:23:04
6;whoever vaguely punctually;Zechariah;Sawayn;Trever.McKenzie62@yahoo.com;athwart prudent which;and;uh-huh yearningly;2025-01-22T07:05:28;meh gee adventurously;2025-01-22T01:35:05
7;affectionate excepting promptly;Rollin;Bayer;Rhianna84@gmail.com;loosely without onto;worldly;tenant;2025-01-21T17:47:34;fundraising where;2025-01-21T22:16:08
8;yum suddenly;Oral;Kuhic;Tillman_Ryan76@yahoo.com;ugh;nor;brilliant;2025-01-21T14:35:06;hm;2025-01-22T02:44:22
9;innocent;Alfreda;Bahringer;Emma.Kessler@gmail.com;staid;uselessly deflect;aha lovely warmly;2025-01-22T02:30:23;um;2025-01-22T01:27:56
10;sympathetically than supposing;Victor;Mills;Joe_Weissnat@gmail.com;hmph negligible extract;considerate yowza;pulse and;2025-01-22T03:19:34;vice despite;2025-01-21T16:49:49
