id;url;caption;category;jhi_order;created_by;created_date;last_modified_by;last_modified_date
1;https://awesome-railway.name;bar since that;graft after lest;3353;than;2025-01-22T04:27:15;anguished sailor rapidly;2025-01-21T22:53:26
2;https://other-presume.net;pale stark;clear-cut;21224;yum numeric;2025-01-22T00:16:37;zowie;2025-01-21T15:22:54
3;https://crushing-marimba.org;baa;barring enthusiastically think;21217;revoke improbable circa;2025-01-22T08:34:46;impanel;2025-01-22T10:02:39
4;https://equatorial-casket.com/;excepting from gah;disadvantage darling;12941;gorgeous digestive beyond;2025-01-22T08:34:05;since wearily everlasting;2025-01-22T00:12:26
5;https://international-instance.info;elegantly gloss;lest;12095;happily;2025-01-22T03:42:52;hollow after apropos;2025-01-22T10:28:49
6;https://minty-co-producer.info/;quiet even;square derby boo;6692;embalm;2025-01-22T10:01:54;tribe;2025-01-21T12:30:57
7;https://lucky-handful.org;bathrobe;internationalize juvenile;19569;into exhaust selfishly;2025-01-22T10:55:30;down liquid;2025-01-22T06:27:04
8;https://scary-gift.name;elevator however;unaccountably;20734;unique meager microblog;2025-01-22T00:46:36;woot or meander;2025-01-22T09:38:05
9;https://elementary-hose.biz/;alongside;so now incidentally;31986;incidentally oof neatly;2025-01-21T18:47:17;yum;2025-01-21T16:21:05
10;https://friendly-coil.net/;than topsail woot;bah ha;22940;schlep seagull;2025-01-21T13:28:19;offend aboard but;2025-01-21T17:30:49
