id;amount;status;created_by;created_date;last_modified_by;last_modified_date
1;15519.97;thankfully onto;husk the subtract;2025-01-21T11:47:04;schematise;2025-01-21T15:26:57
2;6783.41;nervously contravene however;duh;2025-01-22T07:34:03;doubtfully swat the;2025-01-21T16:40:51
3;10997.01;fog stormy;supposing;2025-01-21T14:25:19;recommendation;2025-01-22T05:30:41
4;11132;drat;profuse;2025-01-21T16:59:31;stay;2025-01-22T10:52:41
5;24519.34;gah;boohoo;2025-01-21T12:25:38;like ouch boulevard;2025-01-22T04:28:52
6;8644.59;engender evince now;yowza certification;2025-01-22T08:34:29;horse antelope helpless;2025-01-21T12:02:37
7;28149.43;unto shadowy;or wedding which;2025-01-21T12:01:45;ha marksman;2025-01-21T21:31:32
8;32451.8;sin among boldly;lined;2025-01-22T10:30:36;save jaggedly;2025-01-21T12:39:11
9;278.34;debit;roasted likely;2025-01-22T08:05:25;likewise dime what;2025-01-22T07:39:08
10;10323.52;slip reporter;quietly;2025-01-22T08:09:54;profane whether coin;2025-01-21T22:57:14
