id;name;description;created_by;created_date;last_modified_by;last_modified_date
1;coordination gosh woot;into advertisement;or neatly alongside;2025-01-21T20:20:32;creature mockingly instruction;2025-01-21T19:43:03
2;vast;rebuke;fiercely;2025-01-21T17:44:23;absent;2025-01-22T03:11:48
3;idle;evenly;elevation;2025-01-21T23:01:59;acknowledge unwelcome;2025-01-21T11:42:55
4;nervously that playfully;after intent;exasperation;2025-01-21T18:03:23;contractor;2025-01-21T22:54:07
5;shoulder mysteriously;afore publicity;lightly burdensome joyously;2025-01-22T06:08:21;typewriter yowza;2025-01-22T08:28:01
6;why whenever;that;hole;2025-01-21T19:43:52;shoulder astonishing;2025-01-22T04:27:32
7;spattering account;tackle ew;wrathful blue;2025-01-22T05:13:01;at;2025-01-21T15:47:48
8;physically;until who;vainly;2025-01-22T09:00:49;yawningly;2025-01-22T07:04:32
9;legging incidentally;expert whether amid;properly wherever as;2025-01-21T13:42:13;ugh oof armchair;2025-01-22T01:50:49
10;cruelly valiantly;sign pfft bakeware;than;2025-01-22T06:47:07;medium mousse advanced;2025-01-21T17:11:21
